CustomerID,Name,PostalCode,City,CountryRegion,AddressType
29485,Catherine Abel,91411,Van Nuys,United States,Main Office
29486,Kim Abercrombie,55056,Branch,United States,Main Office
29489,Frances Adams,95354,Modesto,United States,Main Office
29490,Margaret Smith,83501,Lewiston,United States,Main Office
29492,Jay Adams,64106,Kansas City,United States,Main Office
29494,Samuel Agcaoili,M4B 1V5,Toronto,Canada,Main Office
29496,Robert Ahlering,85701,Tucson,United States,Main Office
29497,François Ferrier,82601,Casper,United States,Main Office
29499,Amy Alberts,V6B 3P7,Richmond,Canada,Main Office
29502,Paul Alcorn,82901,Rock Springs,United States,Main Office
29503,Gregory Alderson,H1Y 2H5,Montreal,Canada,Main Office
29505,Michelle Alexander,89030,North Las Vegas,United States,Main Office
29506,Sean Jacobson,85233,Gilbert,United States,Main Office
29508,Marvin Allen,77478,Sugar Land,United States,Main Office
29510,Cecil Allison,K2J 2W5,Nepean,Canada,Main Office
29511,Oscar Alpuerto,80537,Loveland,United States,Main Office
29515,Maxwell Amland,T2P 2G8,Calgary,Canada,Main Office
29517,Ramona Antrim,48601,Saginaw,United States,Main Office
29521,Tom Johnston,89106,Las Vegas,United States,Main Office
29522,Thomas Armstrong,90232,Culver City,United States,Main Office
29523,John Arthur,77003,Houston,United States,Main Office
29524,Chris Ashton,63074,Saint Ann,United States,Main Office
29525,Teresa Atkinson,90040,City Of Commerce,United States,Main Office
29527,Robert Avalos,H1Y 2H7,Montreal,Canada,Main Office
29528,Stephen Ayers,48195,Southgate,United States,Main Office
29530,Daniel Blanco,K4B 1T7,Ottawa,Canada,Main Office
29531,Cory Booth,89106,Las Vegas,United States,Main Office
29532,James Bailey,59801,Missoula,United States,Main Office
29533,Douglas Baldwin,49423,Holland,United States,Main Office
29535,Wayne Banack,77520,Baytown,United States,Main Office
29536,Robert Barker,48185,Westland,United States,Main Office
29539,Josh Barnhill,M4B 1V5,Toronto,Canada,Main Office
29541,Gytis Barzdukas,T2P 2G8,Calgary,Canada,Main Office
29544,Shaun Beasley,T2P 2G8,Calgary,Canada,Main Office
29545,John Beaver,98011,Bothell,United States,Main Office
29546,Christopher Beck,SE1 8HL,London,United Kingdom,Main Office
29548,Ann Beebe,V8V,Victoria,Canada,Main Office
29550,Stanley Alan,97222,Milwaukie,United States,Main Office
29553,Edna Benson,75201,Dallas,United States,Main Office
29554,Payton Benson,48034,Southfield,United States,Main Office
29557,Alexander Berger,V6B 3P7,Richmond,Canada,Main Office
29558,John Berger,L4W 5J3,Mississauga,Canada,Main Office
29559,Robert Bernacchi,98004,Bellevue,United States,Main Office
29560,Matthias Berndt,92025,Escondido,United States,Main Office
29562,Steven Brown,91941,La Mesa,United States,Main Office
29565,Jimmy Bischoff,92679,Trabuco Canyon,United States,Main Office
29566,Mae Black,48239,Redford,United States,Main Office
29567,Jackie Blackwell,M4B 1V6,Toronto,Canada,Main Office
29568,Donald Blanton,90245,El Segundo,United States,Main Office
29569,Linda Burnett,57049,North Sioux City,United States,Main Office
29570,Michael Blythe,77003,Houston,United States,Main Office
29571,Gabriel Bockenkamp,98055,Renton,United States,Main Office
29573,Luis Bonifaz,90201,Bell Gardens,United States,Main Office
29574,Randall Boseman,75201,Dallas,United States,Main Office
29576,Eli Bowen,L4E 3M5,Richmond Hill,Canada,Main Office
29577,Lester Bowman,H1Y 2H7,Montreal,Canada,Main Office
29579,Cornelius Brandon,80030,Westminster,United States,Main Office
29580,Richard Bready,98104,Seattle,United States,Main Office
29582,Ted Bremer,98052,Redmond,United States,Main Office
29583,Alan Brewer,60188,Carol Stream,United States,Main Office
29584,Walter Brian,90232,Culver City,United States,Main Office
29585,Christopher Bright,97205,Portland,United States,Main Office
29587,John Brooks,E17 6JF,London,United Kingdom,Main Office
29588,Willie Brooks,59401,Great Falls,United States,Main Office
29590,Jo Brown,48226,Detroit,United States,Main Office
29591,Robert Brown,63103,Saint Louis,United States,Main Office
29593,Mary Browning,60610,Chicago,United States,Main Office
29596,Eric Brumfield,K4B 1S2,Ottawa,Canada,Main Office
29598,Michael Brundage,92102,San Diego,United States,Main Office
29599,Shirley Bruner,83864,Sandpoint,United States,Main Office
29600,June Brunner,48640,Midland,United States,Main Office
29601,Dirk Bruno,L6W 2T7,Brampton,Canada,Main Office
29603,Janaina Barreiro Gambaro Bueno,L4E 3M5,Richmond Hill,Canada,Main Office
29605,Megan Burke,85004,Phoenix,United States,Main Office
29606,Karren Burkhardt,98201,Everett,United States,Main Office
29608,Timothy Burnett,V5G 4S4,Burnaby,Canada,Main Office
29611,Jared Bustamante,98671,Washougal,United States,Main Office
29612,Richard Byham,HP10 9QY,High Wycombe,United Kingdom,Main Office
29614,Ryan Calafato,V6B 3P7,Richmond,Canada,Main Office
29615,Mari Caldwell,W10 6BL,London,United Kingdom,Main Office
29616,Barbara Calone,77840,College Station,United States,Main Office
29617,Lindsey Camacho,98503,Lacey,United States,Main Office
29618,Gustavo Camargo,RG12 8TB,Bracknell,United Kingdom,Main Office
29620,Joan Campbell,R3,Winnipeg,Canada,Main Office
29622,Henry Campen,98403,Tacoma,United States,Main Office
29623,Chris Cannon,90712,Lakewood,United States,Main Office
29625,Suzana De Abreu Canuto,H1Y 2H7,Montreal,Canada,Main Office
29627,Johnny Caprio,M4B 1V7,Toronto,Canada,Main Office
29629,Carlton Carlisle,V7L 4J4,Vancouver,Canada,Main Office
29631,Jane Carmichael,94566,Pleasanton,United States,Main Office
29632,Jovita Carmody,98072,Woodinville,United States,Main Office
29635,Rob Caron,64106,Kansas City,United States,Main Office
29636,Andy Carothers,84720,Cedar City,United States,Main Office
29637,Donna Carreras,75061,Irving,United States,Main Office
29638,Rosmarie Carroll,93010,Camarillo,United States,Main Office
29639,Joseph Castellucio,M4B 1V7,Toronto,Canada,Main Office
29641,Raul Casts,93955,Sand City,United States,Main Office
29643,Matthew Cavallari,99202,Spokane,United States,Main Office
29644,Brigid Cavendish,OX16 8RS,Oxon,United Kingdom,Main Office
29645,Andrew Cencini,97601,Klamath Falls,United States,Main Office
29646,Stacey Cereghino,75040,Garland,United States,Main Office
29649,Pat Chambers,V5G 4W1,Burnaby,Canada,Main Office
29650,Forrest Chandler,90605,Whittier,United States,Main Office
29651,Lee Chapla,53182,Racine,United States,Main Office
29653,Pei Chow,87501,Santa Fe,United States,Main Office
29654,Yao-Qiang Cheng,60610,Chicago,United States,Main Office
29655,Nicky Chesnut,48342,Pontiac,United States,Main Office
29659,Ruth Choin,78204,San Antonio,United States,Main Office
29660,Anthony Chor,91403,Sherman Oaks,United States,Main Office
29662,Jill Christie,95202,Stockton,United States,Main Office
29663,Alice Clark,60610,Chicago,United States,Main Office
29666,Jane Clayton,V7L 4J4,Vancouver,Canada,Main Office
29668,Connie Coffman,60191,Wood Dale,United States,Main Office
29671,Pat Coleman,H1Y 2H5,Montreal,Canada,Main Office
29673,John Colon,94109,San Francisco,United States,Main Office
29674,Scott Colvin,60120,Elgin,United States,Main Office
29677,William Conner,M4B 1V7,Toronto,Canada,Main Office
29680,Dorothy Contreras,V3T 4W3,Surrey,Canada,Main Office
29682,Scott Cooper,92373,Redlands,United States,Main Office
29683,Eva Corets,82001,Cheyenne,United States,Main Office
29684,Marlin Coriell,48601,Saginaw,United States,Main Office
29686,Jack Creasey,92311,Barstow,United States,Main Office
29688,Grant Culbertson,48071,Madison Heights,United States,Main Office
29689,Scott Culp,98225,Bellingham,United States,Main Office
29690,Conor Cunningham,84098,Park City,United States,Main Office
29692,Thierry D'Hers,E2P 1E3,Saint John,Canada,Main Office
29695,Megan Davis,98201,Everett,United States,Main Office
29696,Alvaro De Matos Miranda Filho,91786,Upland,United States,Main Office
29698,Jacob Dean,V5A 4X1,Burnaby,Canada,Main Office
29699,Alexander Deborde,V5H 3Z7,Burnaby,Canada,Main Office
29702,Aidan Delaney,75040,Garland,United States,Main Office
29703,Stefan Delmarco,91764,Ontario,United States,Main Office
29705,Della Demott Jr,M9W 3P3,Etobicoke,Canada,Main Office
29708,Prashanth Desai,78664,Round Rock,United States,Main Office
29709,Bev Desalvo,97223,Tigard,United States,Main Office
29710,Brenda Diaz,89408,Fernley,United States,Main Office
29711,Gabriele Dickmann,V6B 3P7,Richmond,Canada,Main Office
29713,Dick Dievendorff,BD1 4SJ,W. York,United Kingdom,Main Office
29714,Rudolph Dillon,V7L 4J4,Vancouver,Canada,Main Office
29716,Blaine Dockter,90746,Carson,United States,Main Office
29717,Cindy Dodd,97060,Troutdale,United States,Main Office
29719,Patricia Doyle,98003,Federal Way,United States,Main Office
29720,Gerald Drury,84401,Ogden,United States,Main Office
29722,Reuben D'sa,M4B 1V4,Toronto,Canada,Main Office
29727,Bart Duncan,97123,Hillsboro,United States,Main Office
29728,Maciej Dusza,84065,Riverton,United States,Main Office
29730,Linda Ecoffey,T2P 2G8,Calgary,Canada,Main Office
29732,Carol Elliott,78404,Corpus Christi,United States,Main Office
29733,Shannon Elliott,85701,Tucson,United States,Main Office
29734,Jauna Elson,M4B 1V5,Toronto,Canada,Main Office
29736,Terry Eminhizer,WA1 4SY,Woolston,United Kingdom,Main Office
29737,John Emory,97504,Medford,United States,Main Office
29738,Gail Erickson,57716,Denby,United States,Main Office
29739,Mark Erickson,85201,Mesa,United States,Main Office
29740,Martha Espinoza,J4Z 1C5,Brossard,Canada,Main Office
29741,Janeth Esteves,SL67RJ,Maidenhead,United Kingdom,Main Office
29742,Twanna Evans,98532,Chehalis,United States,Main Office
29743,Ann Evans,60706,Norridge,United States,Main Office
29744,John Evans,85004,Phoenix,United States,Main Office
29747,Carolyn Farino,98371,Puyallup,United States,Main Office
29748,Geri Farrell,87124,Rio Rancho,United States,Main Office
29750,Rhoda Finley,K4B 1S3,Ottawa,Canada,Main Office
29753,Kathie Flood,98201,Everett,United States,Main Office
29755,Kelly Focht,L5B 3V4,Mississauga,Canada,Main Office
29757,Garth Fort,91706,Baldwin Park,United States,Main Office
29758,Dorothy Fox,78613,Cedar Park,United States,Main Office
29761,Susan French,L5B 3V4,Mississauga,Canada,Main Office
29763,Mihail Frintu,95501,Eureka,United States,Main Office
29764,John Ford,78204,San Antonio,United States,Main Office
29765,Paul Fulton,98272,Monroe,United States,Main Office
29766,Bob Gage,V6B 3P7,Richmond,Canada,Main Office
29768,Michael Galos,92614,Irvine,United States,Main Office
29769,Jon Ganio,53202,Milwaukee,United States,Main Office
29770,Kathleen Garza,V5A 3A6,Burnaby,Canada,Main Office
29771,Dominic Gash,84101,Salt Lake City,United States,Main Office
29772,Janet Gates,78701,Austin,United States,Main Office
29773,Orlando Gee,98104,Seattle,United States,Main Office
29774,Darren Gehring,78040,Laredo,United States,Main Office
29775,Jim Geist,98371,Puyallup,United States,Main Office
29776,Barbara German,WA3 7BH,Warrington,United Kingdom,Main Office
29778,Leo Giakoumakis,RG7 5H7,Reading,United Kingdom,Main Office
29780,Frances Giglio,L4N,Barrie,Canada,Main Office
29781,Guy Gilbert,91801,Alhambra,United States,Main Office
29782,Janet Gilliat,55802,Duluth,United States,Main Office
29783,Mary Gimmi,80501,Longmont,United States,Main Office
29784,Jeanie Glenn,93010,Camarillo,United States,Main Office
29785,Diane Glimp,K2L 1H5,Kanata,Canada,Main Office
29787,Scott Gode,98031,Kent,United States,Main Office
29788,Mete Goktepe,93230,Hanford,United States,Main Office
29789,Brian Goldstein,H1Y 2H8,Montreal,Canada,Main Office
29792,Abigail Gonzalez,77338,Humble,United States,Main Office
29793,Michael Graff,95354,Modesto,United States,Main Office
29794,Derek Graham,T2P 2G8,Calgary,Canada,Main Office
29796,Jon Grande,L4 4HB,Liverpool,United Kingdom,Main Office
29797,Jane Greer,M9V 4W3,Weston,Canada,Main Office
29799,Douglas Groncki,93291,Visalia,United States,Main Office
29800,Brian Groth,97205,Portland,United States,Main Office
29803,Hattie Haemon,M4B 1V6,Toronto,Canada,Main Office
29805,Erin Hagens,95035,Milpitas,United States,Main Office
29806,Betty Haines,59101,Billings,United States,Main Office
29807,Bryan Hamilton,K0J 1J0,Chalk Riber,Canada,Main Office
29809,Kerim Hanif,94583,San Ramon,United States,Main Office
29810,Jean Handley,98031,Kent,United States,Main Office
29813,Katherine Harding,M4B 1V7,Toronto,Canada,Main Office
29815,Lucy Harrington,94536,Fremont,United States,Main Office
29816,Keith Harris,98055,Renton,United States,Main Office
29818,Roger Harui,84074,Tooele,United States,Main Office
29819,Ann Hass,55049,Medford,United States,Main Office
29822,James Haugh,H1Y 2H8,Montreal,Canada,Main Office
29824,Brenda Heaney,H1Y 2H3,Montreal,Canada,Main Office
29826,John Hanson,84010,Bountiful,United States,Main Office
29827,Valerie Hendricks,64076,Odessa,United States,Main Office
29830,Kari Hensien,T2P 2G8,Calgary,Canada,Main Office
29831,Irene Hernandez,H9P 1H1,Dorval,Canada,Main Office
29832,Jésus Hernandez,L4G 7N6,Aurora,Canada,Main Office
29834,Cheryl Herring,90245,El Segundo,United States,Main Office
29835,Ronald Heymsfield,97005,Beaverton,United States,Main Office
29840,Andrew Hill,M4B 1V4,Toronto,Canada,Main Office
29842,Mike Hines,85257,Scottsdale,United States,Main Office
29843,Matthew Hink,98225,Bellingham,United States,Main Office
29847,David Hodgson,95603,Auburn,United States,Main Office
29848,Helge Hoeing,54455,Mosinee,United States,Main Office
29850,Bob Hodges,77003,Houston,United States,Main Office
29851,Jean Holloway,B29 6SL,Birmingham,United Kingdom,Main Office
29852,Eddie Holmes,H1Y 2G5,Outremont,Canada,Main Office
29853,Juanita Holman,92530,Lake Elsinore,United States,Main Office
29854,Peter Houston,60433,Joliet,United States,Main Office
29855,Curtis Howard,M4B 1V5,Toronto,Canada,Main Office
29857,Janice Hows,EC1R 0DU,London,United Kingdom,Main Office
29858,George Huckaby,98403,Tacoma,United States,Main Office
29859,Joshua Huff,78204,San Antonio,United States,Main Office
29860,Arlene Huff,OX14 4SE,Oxford,United Kingdom,Main Office
29861,Phyllis Huntsman,55402,Minneapolis,United States,Main Office
29862,Lawrence Hurkett,89106,Las Vegas,United States,Main Office
29863,Ryan Ihrig,T2P 2G8,Calgary,Canada,Main Office
29864,Beth Inghram,T2P 2G8,Calgary,Canada,Main Office
29865,Lucio Iallo,93065,Simi Valley,United States,Main Office
29866,Richard Irwin,75201,Dallas,United States,Main Office
29867,Erik Ismert,98371,Puyallup,United States,Main Office
29868,Denean Ison,SW6 SBY,London,United Kingdom,Main Office
29870,Bronson Jacobs,H1Y 2H8,Montreal,Canada,Main Office
29871,Eric Jacobsen,91303,Canoga Park,United States,Main Office
29872,Jodan Jacobson,65101,Jefferson City,United States,Main Office
29873,Mary Alexander,98036,Lynnwood,United States,Main Office
29874,David Jaffe,RG24 8PL,Basingstoke Hants,United Kingdom,Main Office
29876,Vance Johns,8Y,Hull,Canada,Main Office
29877,Joyce Jarvis,80110,Englewood,United States,Main Office
29879,Stephen Jiang,M9W 3P3,Etobicoke,Canada,Main Office
29881,Danielle Johnson,K4B 1S1,Ottawa,Canada,Main Office
29883,Barry Johnson,80203,Denver,United States,Main Office
29884,Brian Johnson,60610,Chicago,United States,Main Office
29885,David Johnson,98632,Longview,United States,Main Office
29889,Jean Jordan,91016,Monrovia,United States,Main Office
29890,Peggy Justice,98366,Port Orchard,United States,Main Office
29891,Diane Krane,48375,Novi,United States,Main Office
29892,Sandra Kitt,M4B 1V7,Toronto,Canada,Main Office
29893,Sandeep Kaliyath,95112,San Jose,United States,Main Office
29895,Lori Kane,J1G 2R3,Ville De'anjou,Canada,Main Office
29897,Kay Krane,85004,Phoenix,United States,Main Office
29898,Sandeep Katyal,98104,Seattle,United States,Main Office
29900,Victor Kelley,V7L 4J4,Vancouver,Canada,Main Office
29901,John Kelly,95020,Gilroy,United States,Main Office
29902,Robert Kelly,78204,San Antonio,United States,Main Office
29903,Kevin Kennedy,97205,Portland,United States,Main Office
29904,Mary Kesslep,RG11 5TP,Berkshire,United Kingdom,Main Office
29905,Elizabeth Keyser,T2P 2G8,Calgary,Canada,Main Office
29906,Imtiaz Khan,63135,Ferguson,United States,Main Office
29907,Karan Khanna,98382,Sequim,United States,Main Office
29908,Joe Kim,Y024 1GF,York,United Kingdom,Main Office
29910,Shane Kim,T5,Edmonton,Canada,Main Office
29911,Tim Kim,M4B 1V5,Toronto,Canada,Main Office
29913,Anton Kirilov,80537,Loveland,United States,Main Office
29914,Christian Kleinerman,94066,San Bruno,United States,Main Office
29915,Andrew Kobylinski,98033,Kirkland,United States,Main Office
29918,Kirk King,L3S 3K2,Markham,Canada,Main Office
29919,Eugene Kogan,94560,Newark,United States,Main Office
29920,Scott Konersmann,76102,Fort Worth,United States,Main Office
29921,Joy Koski,97005,Beaverton,United States,Main Office
29922,Pamala Kotc,MK8 8ZD,Milton Keynes,United Kingdom,Main Office
29924,Mitch Kennedy,80631,Greeley,United States,Main Office
29925,Margaret Krupka,98045,North Bend,United States,Main Office
29926,Deepak Kumar,C2H 7AU,London,United Kingdom,Main Office
29928,Vamsi Kuppa,M4B 1V6,Toronto,Canada,Main Office
29929,Jeffrey Kurtz,92831,Fullerton,United States,Main Office
29930,Peter Kurniawan,60610,Chicago,United States,Main Office
29931,Eric Lang,97504,Medford,United States,Main Office
29932,Rebecca Laszlo,GL7 1RY,Gloucestershire,United Kingdom,Main Office
29934,David Lawrence,T2P 2G8,Calgary,Canada,Main Office
29935,Elsa Leavitt,84101,Salt Lake City,United States,Main Office
29936,Michael Lee,97015-6403,Clackamas,United States,Main Office
29937,Marjorie Lee,75006,Carrollton,United States,Main Office
29938,Frank Campbell,90703,Cerritos,United States,Main Office
29939,Mark Lee,T2P 2G8,Calgary,Canada,Main Office
29941,Jolie Lenehan,MK8 8ZD,Milton Keynes,United Kingdom,Main Office
29942,Roger Lengel,98055,Renton,United States,Main Office
29943,A. Leonetti,75074,Plano,United States,Main Office
29944,Bonnie Lepro,92701,Santa Ana,United States,Main Office
29946,Linda Leste,M4B 1V7,Toronto,Canada,Main Office
29948,Elsie Lewin,75201,Dallas,United States,Main Office
29949,George Li,89431,Sparks,United States,Main Office
29950,Yale Li,M4B 1V7,Toronto,Canada,Main Office
29952,Yuhong Li,BD1 4SJ,W. York,United Kingdom,Main Office
29953,Joseph Lique,98052,Redmond,United States,Main Office
29954,Paulo Lisboa,75201,Dallas,United States,Main Office
29955,David Liu,49464,Zeeland,United States,Main Office
29956,Jinghao Liu,75061,Irving,United States,Main Office
29957,Kevin Liu,94587,Union City,United States,Main Office
29959,Todd Logan,G1R,Quebec,Canada,Main Office
29962,Sharon Looney,55436,Edina,United States,Main Office
29964,Anita Lucerne,H1Y 2H7,Montreal,Canada,Main Office
29967,Judy Lundahl,60185,West Chicago,United States,Main Office
29969,Robert Lyeba,M4B 1V4,Toronto,Canada,Main Office
29971,Robert Lyon,M4B 1V4,Toronto,Canada,Main Office
29973,Denise Maccietto,48060,Port Huron,United States,Main Office
29974,Scott MacDonald,63103,Saint Louis,United States,Main Office
29975,Walter Mays,92701,Santa Ana,United States,Main Office
29978,Ajay Manchepalli,SW19 3RU,London,United Kingdom,Main Office
29980,Tomas Manzanares,W1V 5RN,London,United Kingdom,Main Office
29981,Kathy Marcovecchio,98626,Kelso,United States,Main Office
29982,Melissa Marple,94015,Daly City,United States,Main Office
29983,Cecelia Marshall,K4B 1S2,Ottawa,Canada,Main Office
29985,Linda Martin,W1Y 3RA,London,United Kingdom,Main Office
29987,Frank Mart¡nez,85225,Chandler,United States,Main Office
29988,Steve Masters,M4B 1V7,Toronto,Canada,Main Office
29990,Jennifer Maxham,LA1 1LN,Lancaster,United Kingdom,Main Office
29991,Chris Maxwell,98584,Shelton,United States,Main Office
29992,Sandra Maynard,88001,Las Cruces,United States,Main Office
29994,Robin McGuigan,M4B 1V5,Toronto,Canada,Main Office
29997,Lola McCarthy,98104,Seattle,United States,Main Office
29998,Jane McCarty,90401,Santa Monica,United States,Main Office
30000,James McCoy,J4Z 1R4,Brossard,Canada,Main Office
30003,Yvonne McKay,55125,Woodbury,United States,Main Office
30004,Nkenge McLin,82001,Cheyenne,United States,Main Office
30005,Nancy McPhearson,W1X3SE,London,United Kingdom,Main Office
30007,Raquel Mello,G1R,Quebec,Canada,Main Office
30008,R. Morgan Mendoza,53038,Johnson Creek,United States,Main Office
30010,Stephen Mew,L5B 3V4,Mississauga,Canada,Main Office
30012,Helen Meyer,95624,Elk Grove,United States,Main Office
30016,Thomas Michaels,7L,Kingston,Canada,Main Office
30018,Virginia Miller,98011,Bothell,United States,Main Office
30019,Matthew Miller,MK8 8DF,Milton Keynes,United Kingdom,Main Office
30021,Ben Miller,L5A 1H6,Mississauga,Canada,Main Office
30022,Dylan Miller,92020,El Cajon,United States,Main Office
30023,Frank Miller,61606,Peoria,United States,Main Office
30024,Neva Mitchell,98371,Puyallup,United States,Main Office
30025,Linda Mitchell,OX14 4SE,Abingdon,United Kingdom,Main Office
30027,Joseph Mitzner,93030,Oxnard,United States,Main Office
30028,Laura Steele,85374,Surprise,United States,Main Office
30029,Shanay Steelman,H1Y 2H7,Montreal,Canada,Main Office
30030,Stefano Stefani,SW8 1XD,London,United Kingdom,Main Office
30031,Alan Steiner,97321,Albany,United States,Main Office
30032,Derik Stenerson,65616,Branson,United States,Main Office
30033,Vassar Stern,84070,Sandy,United States,Main Office
30034,Wathalee Steuber,97015,Clackamas,United States,Main Office
30035,Alice Steiner,77568,La Marque,United States,Main Office
30036,Liza Marie Stevens,85257,Scottsdale,United States,Main Office
30037,Jim Stewart,V5T 1Y9,Vancouver,Canada,Main Office
30039,Robert Stotka,61953,Tuscola,United States,Main Office
30040,Kayla Stotler,85225,Chandler,United States,Main Office
30042,Ruby Sue Styles,V6B 3P7,Richmond,Canada,Main Office
30044,Gary Suess,SL4 1RH,Berks,United Kingdom,Main Office
30045,Ruth Suffin,97301,Salem,United States,Main Office
30046,Elizabeth Sullivan,75149,Mesquite,United States,Main Office
30047,Michael Sullivan,95610,Citrus Heights,United States,Main Office
30048,Marcia Sultan,T5,Edmonton,Canada,Main Office
30050,Krishna Sunkammurali,W1N 9FA,London,United Kingdom,Main Office
30051,Brad Sutton,98626,Kelso,United States,Main Office
30052,Abraham Swearengin,94404,San Mateo,United States,Main Office
30053,Katherine Swan,7L,Kingston,Canada,Main Office
30055,Julie Taft-Rider,63103,Saint Louis,United States,Main Office
30056,Clarence Tatman,92173,San Ysidro,United States,Main Office
30058,Mike Taylor,N2V,Waterloo,Canada,Main Office
30061,Chad Tedford,76541,Killeen,United States,Main Office
30063,Vanessa Tench,90245,El Segundo,United States,Main Office
30064,Judy Thames,98801,Wenatchee,United States,Main Office
30067,Phyllis Thomas,J1E 2T7,Pnot-Rouge,Canada,Main Office
30069,Donald Thompson,92335,Fontana,United States,Main Office
30070,Kendra Thompson,83402,Idaho Falls,United States,Main Office
30071,Daniel Thompson,98027,Issaquah,United States,Main Office
30072,Andrea Thomsen,RG41 1QW,Wokingham,United Kingdom,Main Office
30074,Yuping Tian,G1T,Sillery,Canada,Main Office
30076,Diane Tibbott,80138,Parker,United States,Main Office
30080,Delia Toone,99337,Kennewick,United States,Main Office
30083,Glenn Track,L5B 3V4,Mississauga,Canada,Main Office
30087,Billy Trent,G1W,Sainte-Foy,Canada,Main Office
30089,Michael John Troyer,93030,Oxnard,United States,Main Office
30090,Christie Trujillo,78664,Round Rock,United States,Main Office
30093,Phyllis Tuffield,M4B 1V5,Toronto,Canada,Main Office
30094,Sairaj Uddin,95814,Sacramento,United States,Main Office
30095,Sunil Uppal,77003,Houston,United States,Main Office
30098,Esther Valle,H1Y 2H7,Montreal,Canada,Main Office
30100,Jessie Valerio,92867,Orange,United States,Main Office
30102,Roger Van Houten,CB4 4BZ,Cambridge,United Kingdom,Main Office
30104,Rose Vandenouer,SW8 4BG,London,United Kingdom,Main Office
30105,Gregory Vanderbout,97477,Springfield,United States,Main Office
30106,Michael Vanderhyde,76010,Arlington,United States,Main Office
30107,Margaret Vanderkamp,89502,Reno,United States,Main Office
30108,Kara Vanderlinden,M4B 1V4,Toronto,Canada,Main Office
30109,Nieves Vargas,48843,Howell,United States,Main Office
30110,Gary Vargas,95112,San Jose,United States,Main Office
30111,Ranjit Varkey Chudukatil,61265,Moline,United States,Main Office
30112,Patricia Vasquez,98926,Ellensburg,United States,Main Office
30113,Raja Venugopal,RH15 9UD,West Sussex,United Kingdom,Main Office
30115,Dora Verdad,N2V,Waterloo,Canada,Main Office
30116,Wanda Vernon,91764,Ontario,United States,Main Office
30117,Robert Vessa,78204,San Antonio,United States,Main Office
30118,Caroline Vicknair,63103,Saint Louis,United States,Main Office
